route_id,stop_sequence,stop_id
R_AC1,1,S_JAD8B
R_AC1,2,S_ASRD
R_AC1,3,S_TPHARI
R_AC1,4,S_RASHB
R_AC1,5,S_KALIG
R_AC1,6,S_HAZRA
R_AC1,7,S_BHOWAN
R_AC1,8,S_EXIDE
R_AC1,9,S_MAIDAN
R_AC1,10,S_PSTREET
R_AC1,11,S_ESPL
R_AC1,12,S_BBDBAG
R_AC1,13,S_BURRAB
R_AC1,14,S_HWH
R_AC12,1,S_SHAPOORJI
R_AC12,2,S_UNITECH1
R_AC12,3,S_NARKEL
R_AC12,4,S_AXISMALL
R_AC12,5,S_NEWTOWN_TERM
R_AC12,6,S_DLF1
R_AC12,7,S_TECHNOPOLIS
R_AC12,8,S_COLLEGEMORE
R_AC12,9,S_SDF
R_AC12,10,S_CHINGRI
R_AC12,11,S_SCIENCECITY
R_AC12,12,S_TOPSIA
R_AC12,13,S_PCIRCUS
R_AC12,14,S_BECKBAGAN
R_AC12,15,S_MINTOPARK
R_AC12,16,S_EXIDE
R_AC12,17,S_MAIDAN
R_AC12,18,S_PSTREET
R_AC12,19,S_ESPL
R_AC12,20,S_BBDBAG
R_AC12,21,S_BURRAB
R_AC12,22,S_HWH
R_S24,1,S_PATULI
R_S24,2,S_BAGHAJATIN
R_S24,3,S_SULEKHA
R_S24,4,S_JAD8B
R_S24,5,S_DHAKURIA
R_S24,6,S_GARIAHAT
R_S24,7,S_DPARK
R_S24,8,S_RASHB
R_S24,9,S_KALIG
R_S24,10,S_HAZRA
R_S24,11,S_BHOWAN
R_S24,12,S_EXIDE
R_S24,13,S_MAIDAN
R_S24,14,S_PSTREET
R_S24,15,S_ESPL
R_S24,16,S_BBDBAG
R_S24,17,S_HWH
R_S3A,1,S_THAKURPUKUR
R_S3A,2,S_SAKHERBAZAR
R_S3A,3,S_SHILPARA
R_S3A,4,S_BCHOWRASTA
R_S3A,5,S_B14NO
R_S3A,6,S_TARATALA
R_S3A,7,S_MOMINPUR
R_S3A,8,S_EKBALPUR
R_S3A,9,S_KIDDERPORE
R_S3A,10,S_HASTINGS
R_S3A,11,S_BABUGHAT
R_S3A,12,S_BBDBAG
R_S3A,13,S_CENTRAL
R_S3A,14,S_BOWBAZAR
R_S3A,15,S_SDAH
R_AC39,1,S_HWH
R_AC39,2,S_BURRAB
R_AC39,3,S_BBDBAG
R_AC39,4,S_ESPL
R_AC39,5,S_CENTRAL
R_AC39,6,S_GIRISHPARK
R_AC39,7,S_MANIKTALA
R_AC39,8,S_KANKURGACHI
R_AC39,9,S_ULTADANGA
R_AC39,10,S_LAKETOWN
R_AC39,11,S_DUMPARK
R_AC39,12,S_KESTOPUR
R_AC39,13,S_BAGUIHATI
R_AC39,14,S_TEGHORIA
R_AC39,15,S_HALDIRAM
R_AC39,16,S_KAIKHALI
R_AC39,17,S_AIRPORT
R_12C,1,S_PAILAN
R_12C,2,S_JOKA
R_12C,3,S_THAKURPUKUR
R_12C,4,S_SHILPARA
R_12C,5,S_SAKHERBAZAR
R_12C,6,S_BCHOWRASTA
R_12C,7,S_B14NO
R_12C,8,S_TARATALA
R_12C,9,S_BNRHOSP
R_12C,10,S_KIDDERPORE
R_12C,11,S_HASTINGS
R_12C,12,S_ESPL
R_12C,13,S_BBDBAG
R_12C,14,S_HWH
R_215A,1,S_LAKETOWN
R_215A,2,S_SREEBHUMI
R_215A,3,S_ULTADANGA
R_215A,4,S_KANKURGACHI
R_215A,5,S_MANIKTALA
R_215A,6,S_GIRISHPARK
R_215A,7,S_CENTRAL
R_215A,8,S_ESPL
R_215A,9,S_BBDBAG
R_215A,10,S_HWH
R_MINI101,1,S_GARIA
R_MINI101,2,S_JAD8B
R_MINI101,3,S_DHAKURIA
R_MINI101,4,S_GARIAHAT
R_MINI101,5,S_DPARK
R_MINI101,6,S_RASHB
R_MINI101,7,S_KALIG
R_MINI101,8,S_HAZRA
R_MINI101,9,S_EXIDE
R_MINI101,10,S_MAIDAN
R_MINI101,11,S_ESPL
R_MINI101,12,S_BBDBAG
R_AC23A,1,S_KARUNAMOYEE
R_AC23A,2,S_WIPRO
R_AC23A,3,S_COLLEGEMORE
R_AC23A,4,S_TECHNOPOLIS
R_AC23A,5,S_DLF1
R_AC23A,6,S_NEWTOWN_TERM
R_AC23A,7,S_AXISMALL
R_AC23A,8,S_NARKEL
R_AC23A,9,S_TATA_CANCER
R_AC23A,10,S_UNITECH2
R_AC23A,11,S_TCS_GITANJALI
R_AC23A,12,S_ALIAH_UNIV
R_AC23A,13,S_WESTIN
R_AC23A,14,S_ECOPARK
R_AC23A,15,S_CC2
R_AC23A,16,S_CHINARPARK
R_AC23A,17,S_HALDIRAM
R_AC23A,18,S_AIRPORT
R_AC23A,19,S_DURGANAGAR
R_AC23A,20,S_MATHKAL
R_AC23A,21,S_DUNLOP
R_AC23A,22,S_DAKSHINESWAR
R_AC23A,23,S_BALLYHALT
R_S11,1,S_BARRACKPORE
R_S11,2,S_TITAGARH
R_S11,3,S_KHARDAH
R_S11,4,S_SODEPUR
R_S11,5,S_PANIHATI
R_S11,6,S_KAMARHATI
R_S11,7,S_DUNLOP
R_S11,8,S_TOBINROAD
R_S11,9,S_CHIRIAMORE
R_S11,10,S_SHYAMBAZAR
R_S11,11,S_SOVABAZAR
R_S11,12,S_GIRISHPARK
R_S11,13,S_MGROAD
R_S11,14,S_CENTRAL
R_S11,15,S_ESPL